"","teams","PTS","FGM","FGA","FG","X3PM","X3PA","X3P","FTM","FTA","FT","OR","DR","REB","AST","STL","BLK","TO","PF","season","playoffs"
"1","Phoenix Suns",110.4,40.9,85.6,47.7,9.7,24.7,39.3,19,25.4,74.8,11.8,32.3,44.1,23.5,7,5.5,13.7,19.1,2005,1
"2","Sacramento Kings",103.7,39.1,85.1,45.9,6.4,17,37.4,19.2,24.4,78.7,12.5,29.9,42.4,24.5,8.2,3.9,13.1,20.5,2005,1
"3","Dallas Mavericks",102.5,37.3,81.6,45.7,5.6,15.5,36.4,22.3,28.2,78.9,12.1,30.9,42.9,19.6,8.6,5.6,13.4,22.3,2005,1
"4","Miami Heat",101.5,37.8,77.7,48.6,5.8,15.4,37.7,20.2,30.1,67.2,10.8,32.2,43,21.8,6.4,5.8,13.7,22.1,2005,1
"5","Boston Celtics",101.3,37.1,79.4,46.8,5.3,15.3,34.9,21.6,28.3,76.4,11.1,29.7,40.8,22.1,8.1,5.2,15.8,24.4,2005,1
"6","Washington Wizards",100.5,36.2,82.9,43.7,6.3,18.3,34.3,21.9,30.2,72.5,13.8,29,42.8,19.1,8.7,4.2,14.3,22,2005,1
"7","Toronto Raptors",99.7,36,81.2,44.4,7.9,20.5,38.5,19.8,25.6,77.4,10.3,29.8,40.1,20.4,7.6,3.9,13.3,22.9,2005,0
"8","Denver Nuggets",99.5,37,80.7,45.9,3.9,11.5,34,21.5,28.2,76.3,11.8,30.2,42,23.9,9.1,6,14.9,22.9,2005,1
"9","Orlando Magic",99.5,37,81.5,45.4,3.9,11.2,34.9,21.6,28.5,75.9,12.7,31,43.7,19.3,7.7,5.4,16.1,23.6,2005,0
"10","Philadelphia 76ers",99.1,35.9,82.1,43.7,6.2,17.7,34.8,21.1,26.8,78.9,11.1,30.9,42,20.9,9.2,3.9,15.5,22.9,2005,1
"11","Seattle SuperSonics",98.9,35.1,79.2,44.4,8.1,22.2,36.5,20.5,26,79,12.7,28.2,40.9,18.1,6.7,4.1,13.6,23.7,2005,1
"12","Los Angeles Lakers",98.7,35.3,80.8,43.7,7.9,22.1,35.5,20.3,26.1,77.7,12.5,30.6,43.2,20.4,6.2,4.2,14.3,21.9,2005,0
"13","Golden State Warriors",98.7,36.9,85.8,43,7.6,21.6,35.2,17.2,23.8,72.2,13,29.7,42.7,22.1,7.8,5.1,13.6,22.4,2005,0
"14","New York Knicks",97.3,36.3,80.5,45.1,5.4,15.1,35.6,19.3,25.1,76.7,11.8,29.2,41,20.3,7.7,3.2,14.7,23.7,2005,0
"15","Milwaukee Bucks",97.2,36.1,80.2,45,4,11.3,35.1,21,27.2,77.2,12,29.3,41.3,21,6.5,3.5,13.8,21.9,2005,0
"16","Minnesota Timberwolves",96.8,37.1,80.8,45.9,4.8,14,34.5,17.7,22.2,79.6,11.5,31.5,43,23.4,5.6,5.5,13.2,21.6,2005,0
"17","Cleveland Cavaliers",96.5,36.5,81.5,44.7,3.7,11,33.2,19.9,26.5,75.2,13.6,28.7,42.3,22.6,8,5.6,13.9,22.6,2005,0
"18","San Antonio Spurs",96.2,35.6,78.7,45.3,6.2,17,36.3,18.7,25.9,72.4,12,30.4,42.4,21.6,7.5,6.6,13.7,20.9,2005,1
"19","LA Clippers",95.7,35.7,77.7,45.9,2.8,8.2,34.5,21.6,27.7,77.8,12,29.9,41.9,23.2,7.3,5.1,15.7,22.2,2005,0
"20","Houston Rockets",95.1,34.7,78.3,44.3,6.7,18.5,36.4,18.9,24.2,78.1,10.7,31.7,42.4,21.1,6.9,4.6,13.8,22,2005,1
"21","Chicago Bulls",94.5,34.7,80.4,43.2,6.2,17.5,35.7,18.7,25,75,12.2,31.6,43.8,21.3,7,4.5,16.7,24.7,2005,1
"22","Charlotte Bobcats",94.3,36.1,83.6,43.2,3.9,10.7,36.3,18.1,25.6,70.9,13.2,28.5,41.7,21.9,8.5,5.4,14.5,23.1,2005,0
"23","Memphis Grizzlies",93.4,34.2,76.5,44.7,6.5,18.1,35.7,18.6,24.7,75.4,10.8,28.1,39,20.9,8.5,5.8,14.6,23.3,2005,1
"24","Detroit Pistons",93.3,34.8,78.3,44.4,4.4,12.8,34.5,19.4,26.2,73.9,12.9,30.6,43.4,21.8,7,6.1,13.8,20,2005,1
"25","Indiana Pacers",93,32.5,75.2,43.2,6.6,19.2,34.4,21.3,26.9,79.2,10.6,29.5,40.1,18.2,7.5,4.4,14.3,23,2005,1
"26","Utah Jazz",93,34.5,76.8,44.9,3,9.3,32.8,21,27.7,75.7,12.8,27.4,40.1,22.3,6.6,4.6,15.8,26.7,2005,0
"27","Portland Trail Blazers",92.9,35.3,78.3,45.1,5.1,14.2,36.2,17.2,23.7,72.5,11.8,29.3,41.1,21,7.1,6.6,16,20.8,2005,0
"28","Atlanta Hawks",92.7,35.9,81.4,44.1,3.7,11.9,31.2,17.3,24.3,71.1,13.4,28.5,41.9,19.7,7.7,4.2,16.1,24.5,2005,0
"29","New Jersey Nets",91.4,33.6,78.3,42.9,5.3,14.7,36.2,19,24.9,76.3,10.4,29.1,39.5,21.6,7.9,3.8,14.2,24.2,2005,1
"30","New Orleans Hornets",88.4,33.1,80,41.5,5.1,16,31.5,17.1,22.3,76.6,12.4,27.8,40.2,21,6.7,3.8,14.8,23,2005,0
"31","Phoenix Suns",108.4,41.8,87.4,47.9,10.2,25.6,39.9,14.5,18,80.6,9.5,32.3,41.8,26.6,6.7,5,13.3,20.5,2006,1
"32","Seattle SuperSonics",102.6,37.5,81.8,45.8,7.4,19.9,37.1,20.1,25.7,78.5,12.4,27.2,39.6,20.7,7.6,3.7,14.7,23.6,2006,0
"33","Washington Wizards",101.7,36.3,81.2,44.7,6.1,17,35.7,23,30.4,75.7,12.6,28.6,41.2,18.6,8,4.1,13.9,22.6,2006,1
"34","Toronto Raptors",101.1,36.7,81,45.4,7.4,19.8,37.5,20.2,25.5,79.1,10.5,27.9,38.5,19.4,6.5,3.3,13.1,24,2006,0
"35","Denver Nuggets",100.3,37.5,81.4,46.1,4.3,13.1,32.5,21,28.2,74.4,11,30.3,41.3,23.4,8.5,5.6,14.8,22.7,2006,1
"36","Miami Heat",99.9,37.1,77.5,47.8,6.1,17.6,34.5,19.7,28.2,70,10.5,32.6,43.1,20.6,6.4,5.4,14.5,22.8,2006,1
"37","Los Angeles Lakers",99.4,36.5,80.6,45.3,6.7,19.3,34.9,19.7,26.5,74.5,11.8,30.3,42.2,21.1,7.7,4.3,13.9,23.1,2006,1
"38","Philadelphia 76ers",99.4,36.6,79.8,45.8,4.6,12.6,36.4,21.6,28.4,76,10.6,29.6,40.2,20.2,7.9,4.9,14.1,20.9,2006,0
"39","Dallas Mavericks",99.1,36,77.7,46.2,5.1,13.6,37.4,22.2,28.3,78.3,12.6,29.6,42.2,18,7.2,6,13.6,22.4,2006,1
"40","Sacramento Kings",98.9,36,79.3,45.4,6,17.2,35.1,20.8,26.5,78.4,10.4,30.2,40.5,22.3,7.4,3.6,14.6,20.4,2006,1
"41","Golden State Warriors",98.5,35.8,82.7,43.3,7.6,22.3,34.1,19.2,26.7,71.8,12,30.3,42.3,20.7,7.4,4.4,14.1,23.7,2006,0
"42","Boston Celtics",98,36,77.1,46.7,5.7,15.7,36.2,20.3,26.9,75.5,9.9,29.7,39.6,20.9,7,5.1,16.6,24.8,2006,0
"43","Chicago Bulls",97.8,36.6,82.2,44.6,6.8,18,37.9,17.7,24,73.8,11,31.7,42.8,22,6.2,4.2,14.9,24.9,2006,1
"44","Milwaukee Bucks",97.8,36.3,80.1,45.3,6.2,16.3,38,19,25.8,73.8,11.3,29.9,41.2,21.6,7.3,3.3,14.6,23.2,2006,1
"45","Cleveland Cavaliers",97.6,35.5,78.2,45.4,6.1,17.9,33.9,20.6,28.3,72.9,11.7,30.6,42.3,19,6.9,4.8,13.9,21.1,2006,1
"46","Atlanta Hawks",97.2,35.9,79.2,45.4,5.2,14.1,36.7,20.2,26.9,75,13,27.2,40.3,19.8,7.2,4.8,15.7,25,2006,0
"47","LA Clippers",97.2,36.5,78.6,46.5,3.5,10.3,34.4,20.7,26.1,79.1,10.1,33,43.1,20.8,6.5,6.1,14.5,22.8,2006,1
"48","Charlotte Bobcats",96.9,36.1,83.5,43.3,5.2,15.4,33.9,19.4,26.7,72.9,12.1,27.7,39.8,20.9,10,4.3,14.2,23.9,2006,0
"49","Detroit Pistons",96.8,36.4,80,45.5,6.8,17.7,38.4,17.3,23.8,72.7,11.9,28.6,40.5,24,7.1,6,11.4,18.5,2006,1
"50","New York Knicks",95.6,34.4,75.7,45.5,3.9,10.8,36.2,22.9,31.5,72.6,12.6,28.8,41.4,17.9,6.8,3.3,17.7,26.3,2006,0
"51","San Antonio Spurs",95.6,36.5,77.3,47.2,6.4,16.6,38.5,16.2,23.1,70.2,10.4,31.1,41.5,20.9,6.6,5.7,13.7,20.9,2006,1
"52","Orlando Magic",94.9,35.5,75.2,47.2,3.6,9.7,37.6,20.3,27.8,73,10.9,29.3,40.2,18.2,6.5,4.4,15.1,23.3,2006,0
"53","Indiana Pacers",93.9,34,76.5,44.4,6.5,18.7,34.9,19.4,26.3,73.7,11,31.2,42.2,19.9,7.3,5,15.3,22.2,2006,1
"54","New Jersey Nets",93.8,33.9,77,44,5.8,17.6,33,20.2,26.7,75.8,10,31,41,23,6.8,3.4,13.6,23.2,2006,1
"55","NO/Oklahoma City
 Hornets",92.8,34.5,78.4,44,3.7,10.8,33.9,20.1,26.5,75.8,11.2,29,40.2,18.5,7.5,3.8,13.4,21.8,2006,0
"56","Utah Jazz",92.4,33.5,75.7,44.2,3.8,11.3,33.6,21.6,30.1,71.9,13.1,29,42.1,21.6,6.4,6,15.7,24.8,2006,0
"57","Memphis Grizzlies",92.2,33.5,74.7,44.8,7.2,19.2,37.4,18,25.3,71.1,10.2,29,39.2,19.3,7.3,5.4,13.8,21.4,2006,1
"58","Minnesota Timberwolves",91.7,35.2,77.3,45.6,3.8,11.5,32.9,17.5,23.1,75.8,9.9,29.5,39.4,20.9,6.8,5.7,14.5,23,2006,0
"59","Houston Rockets",90.1,33,76.2,43.3,5.7,17.2,33.2,18.3,24.1,75.9,10.4,31.3,41.6,19.3,7.2,3.9,14.5,22.7,2006,0
"60","Portland Trail Blazers",88.8,34,76.4,44.5,4.4,12.7,34.9,16.3,23.7,68.9,10.8,26.9,37.7,18.2,6.5,5.3,14.7,22.3,2006,0
"61","Phoenix Suns",110.2,41.3,83.6,49.4,9.6,24,39.9,18,22.3,80.8,9,31.5,40.5,25.9,6.7,4.8,14.5,20.2,2007,1
"62","Golden State Warriors",106.5,39.8,86,46.3,8.5,24,35.6,18.5,25.8,71.7,11.5,30,41.4,23.8,9.1,5.7,16,23.6,2007,1
"63","Denver Nuggets",105.4,38.6,83,46.5,5.9,17.6,33.6,22.3,29.9,74.6,12.2,31.2,43.4,23.4,8.3,5.3,16.5,21.4,2007,1
"64","Washington Wizards",104.3,37.4,83.2,45,6.8,19.7,34.8,22.6,29.6,76.5,12.2,29,41.2,20.2,7.7,4.6,13.8,22.2,2007,1
"65","Los Angeles Lakers",103.3,37.8,81.3,46.6,7.4,21,35.3,20.2,27.1,74.7,10.8,30.4,41.2,22.6,7.3,5.1,15.5,23,2007,1
"66","Memphis Grizzlies",101.6,36.6,78.6,46.5,6.1,16.6,36.7,22.4,29.4,76.1,10.6,29,39.5,20.5,6.9,5,16.4,22.3,2007,0
"67","Utah Jazz",101.5,37.4,78.9,47.4,4.3,12.9,33.5,22.3,30,74.3,12.6,30,42.5,24.7,7,4.1,15.6,25.2,2007,1
"68","Sacramento Kings",101.3,35.9,79.7,45,6.5,18.5,35,23.1,30.2,76.5,9.7,29.2,38.9,20.3,8.2,3.2,14.6,21.9,2007,0
"69","Dallas Mavericks",100,36.7,78.6,46.7,6.5,17.1,38.1,20.1,24.9,80.5,11.2,30.7,41.9,19.9,6.8,5,13.9,22.4,2007,1
"70","Milwaukee Bucks",99.7,38.1,81.9,46.5,6.4,18,35.6,17.1,23.4,73.3,11.5,27.7,39.2,21.6,7.2,2.7,15.1,22.2,2007,0
"71","Toronto Raptors",99.5,37,79.8,46.3,6.5,17.9,36.3,19,24.2,78.8,9.2,30.2,39.5,22.2,7.1,3.9,13.5,20.4,2007,1
"72","Seattle SuperSonics",99.1,37.2,80.8,46,6.4,17.7,36.2,18.4,23.3,79.1,11.3,28.3,39.6,20.7,7.7,3.7,15.5,22,2007,0
"73","Chicago Bulls",98.8,37.1,81.3,45.7,5.9,15.1,38.8,18.6,25.4,73.4,12,31.7,43.7,22.3,7.8,5.4,16,23.3,2007,1
"74","San Antonio Spurs",98.5,36.6,77.2,47.4,7.3,19,38.1,18.1,24.1,75.1,9.3,31.4,40.7,22.1,7.2,5.1,13.9,19.4,2007,1
"75","New Jersey Nets",97.6,35.5,77.8,45.7,7.4,20.4,36.3,19.1,26.3,72.7,10,30.8,40.8,23.9,6.1,3.3,14.8,22.8,2007,1
"76","New York Knicks",97.5,35.4,77.5,45.7,5.8,16.7,34.6,20.9,29.2,71.5,12.6,30.7,43.3,18.7,6.6,3.2,17.1,23.6,2007,0
"77","Houston Rockets",97,35.4,79.6,44.5,8.6,23.1,37.2,17.5,23.2,75.3,10.7,32.6,43.3,20.8,7.1,4.1,14.2,20.9,2007,1
"78","Charlotte Bobcats",96.9,36.1,81,44.6,5.6,15.6,35.7,19.1,26,73.4,11.2,28.6,39.8,22.4,7.8,4.5,14.9,24.2,2007,0
"79","Cleveland Cavaliers",96.8,36.3,81.2,44.7,6,17.1,35.2,18.1,26,69.6,12.7,30.8,43.5,20.8,7.6,4.3,14.4,21.7,2007,1
"80","Minnesota Timberwolves",96.1,36.5,79.3,46.1,4.7,13.3,35.3,18.3,23.1,79.2,10,30.2,40.2,22.5,6.5,4,15.6,21.4,2007,0
"81","Detroit Pistons",96,35.9,79.1,45.4,5.5,15.9,34.4,18.8,24.2,77.4,11.6,29,40.5,21.6,7.1,5.8,12.2,20.4,2007,1
"82","Boston Celtics",95.8,34.9,78.7,44.3,5.7,15.6,36.7,20.4,26.6,76.7,11.2,29.2,40.4,19.9,7.2,4.7,16.5,24,2007,0
"83","LA Clippers",95.6,35.1,77,45.6,3.8,11,34.8,21.6,27.4,78.8,10.8,30.3,41.1,21.5,7.3,5.8,15.1,22.7,2007,0
"84","Indiana Pacers",95.6,35,80,43.8,5.9,16.9,34.6,19.7,25.9,76,12.1,29.8,41.8,20.5,7.3,5.5,16.3,23.3,2007,0
"85","NO/Oklahoma City Hornets",95.5,36.2,81.4,44.5,5.5,15.3,36.2,17.5,23.7,74,12.5,30.6,43.1,18.7,6.4,4.2,14.5,19.8,2007,0
"86","Philadelphia 76ers",94.9,35.8,78.1,45.8,3.5,10,34.5,20,26,76.7,11,28.7,39.7,20.4,7.2,4.8,15.3,20.4,2007,0
"87","Orlando Magic",94.8,35.1,74.3,47.2,4.2,11.7,35.6,20.5,29.2,70.2,11.2,29.5,40.7,18.6,6.9,5.1,17,23.2,2007,1
"88","Miami Heat",94.6,35.6,76.7,46.4,6.4,18.8,34.3,17,24.6,69,10,30.8,40.8,20.5,6.9,5.4,14.6,21.3,2007,1
"89","Portland Trail Blazers",94.1,35,78,45,5.2,15,34.6,18.8,24.5,76.9,11.3,28,39.3,18.5,6.8,4.6,15.1,23.5,2007,0
"90","Atlanta Hawks",93.7,34.5,77.7,44.4,4.2,12.7,32.9,20.5,26.9,76.1,11.9,28.2,40.1,19.2,7.4,5.4,15.9,24,2007,0
"91","Golden State Warriors",111,41.5,90.3,45.9,9.3,26.6,34.8,18.8,24.9,75.2,12.7,30.4,43.2,22.4,9.1,4.6,13.2,22.9,2008,0
"92","Denver Nuggets",110.7,40.3,85.8,47,6.9,19.6,35.5,23.1,30.7,75.1,11.2,32.9,44.1,24.7,9.2,6.7,14.7,21.1,2008,1
"93","Phoenix Suns",110.1,41.4,82.7,50,8.5,21.5,39.3,18.9,24.1,78.3,8.8,32.7,41.5,26.7,6.5,6.3,14.4,19.9,2008,1
"94","Los Angeles Lakers",108.6,39.6,83.1,47.6,8.1,21.4,37.8,21.3,27.7,76.9,11,33.2,44.1,24.4,8,5.3,14.1,20.6,2008,1
"95","Utah Jazz",106.2,40,80.4,49.7,5,13.4,37.2,21.3,28,75.9,11.5,29.4,40.9,26.4,8.7,4.3,14.6,24,2008,1
"96","Orlando Magic",104.5,37.3,78.6,47.4,9.8,25.3,38.6,20.1,27.9,72.1,9.4,32.6,42,20.8,6.3,4.1,14.3,20.6,2008,1
"97","Indiana Pacers",104,37.8,85.3,44.4,9.2,24.6,37.4,19.1,24.9,76.8,11,32.1,43.1,22.7,7.6,5,15.1,23.4,2008,0
"98","Sacramento Kings",102.5,37.1,80,46.4,6.2,16.7,37.3,22.1,27.7,79.8,10.1,30,40.1,19.1,7.9,4.1,16.1,22.4,2008,0
"99","New Orleans Hornets",100.9,38.6,82.9,46.6,7.7,19.8,38.9,16,20.8,76.9,11.4,30.4,41.8,21.8,7.8,3.9,11.9,18.7,2008,1
"100","Memphis Grizzlies",100.7,37.3,82.2,45.4,7.6,21.7,34.9,18.5,25.6,72.3,10.3,31.3,41.6,19.2,6.1,4.7,15.3,19.4,2008,0
"101","Boston Celtics",100.5,36.4,76.7,47.5,7.3,19.1,38.1,20.5,26.5,77.1,10.1,31.9,42,22.4,8.5,4.6,15.2,22.7,2008,1
"102","Dallas Mavericks",100.4,36.9,79.5,46.4,6,17.1,35.2,20.6,25.3,81.4,10.8,32.2,43,21,6,4.9,12.6,21.8,2008,1
"103","Toronto Raptors",100.2,38.4,82,46.8,7,17.8,39.2,16.4,20.2,81.2,9.6,30.4,40.1,23.8,7,4.1,11.7,19.5,2008,1
"104","Washington Wizards",98.8,36.4,81.6,44.6,7,19.7,35.6,19,24.3,78.2,12.3,29.3,41.6,19.6,7.7,4.8,13.2,19.6,2008,1
"105","Atlanta Hawks",98.2,36.3,79.9,45.4,4.7,13.1,35.6,21,27.2,77.2,12.3,29.9,42.2,22,7.3,5.5,14.9,20.4,2008,1
"106","Seattle SuperSonics",97.5,38.1,85.8,44.4,3.8,11.5,33.3,17.5,22.8,77,11.8,32.8,44.6,21.3,6.5,4.9,16,20.5,2008,0
"107","Detroit Pistons",97.5,36.6,79.9,45.8,5.9,16.2,36.6,18.4,24,76.7,11.9,29.5,41.4,22.3,7.1,5.8,11.7,20.6,2008,1
"108","Chicago Bulls",97.3,36.4,83.7,43.5,5.8,15.9,36.3,18.7,24.7,75.6,12.8,30.2,43,22.1,7.7,5.2,14.6,21.8,2008,0
"109","Charlotte Bobcats",97.1,36.1,79.9,45.2,6.5,17.6,36.7,18.4,25.8,71.4,10.9,29.8,40.6,21.3,7.5,4.9,14.7,21.7,2008,0
"110","Milwaukee Bucks",97,36.9,82.3,44.9,5.5,16,34.4,17.7,24.1,73.3,12.9,28.8,41.7,21.5,6.6,4.4,14.8,21.3,2008,0
"111","New York Knicks",96.9,36.2,82.4,43.9,6,17.7,33.7,18.6,25.5,72.7,12.5,30,42.5,18.7,6.4,2.6,14.5,21.5,2008,0
"112","Houston Rockets",96.7,36.6,81.7,44.8,7.1,20.8,34.2,16.4,22.5,72.6,12.2,32.4,44.6,21.4,7.3,5.1,13.7,19.6,2008,1
"113","Philadelphia 76ers",96.6,37.3,81.1,46,3.7,11.6,31.7,18.4,26.1,70.6,13,28.9,41.9,20.4,8.7,4.9,14.3,19.8,2008,1
"114","Cleveland Cavaliers",96.4,35.8,81.7,43.9,6.7,18.8,35.8,18,25.1,71.7,13.3,31.3,44.6,20,7.1,5.2,14,20.9,2008,1
"115","New Jersey Nets",95.8,34.8,78.7,44.3,6.1,17.4,34.8,20.1,27.3,73.6,11.1,30.7,41.9,23.5,6.4,4.8,15,22.6,2008,0
"116","Minnesota Timberwolves",95.6,37.5,83.1,45.1,5.4,15.4,35,15.2,20.6,73.6,11.8,29.6,41.4,19.9,7.5,3.7,14.5,23,2008,0
"117","Portland Trail Blazers",95.4,35.8,79.8,44.8,6.6,17.4,37.7,17.2,22.5,76.7,11,29.7,40.7,21.1,5.5,4.4,12.9,20,2008,0
"118","San Antonio Spurs",95.4,35.8,78.3,45.7,7.2,19.6,36.9,16.5,21.6,76.1,9.4,31.9,41.3,21,6.4,4.1,12.6,18.7,2008,1
"119","LA Clippers",93.8,34.4,78.6,43.8,4.3,13.2,32.4,20.8,26.6,78.1,9.8,30.4,40.1,21.1,6.8,4.9,14.4,21.3,2008,0
"120","Miami Heat",91.4,34.2,77.3,44.3,6,16.7,35.8,16.9,23.2,72.7,9.1,28.6,37.6,20,7.2,4.3,14.7,20.4,2008,0
"121","Phoenix Suns",109.4,41.1,81.6,50.4,6.7,17.6,38.3,20.4,27.5,74.4,11,30.7,41.7,23.2,7.2,5.1,15.7,20.6,2009,0
"122","Golden State Warriors",108.6,39.4,86,45.8,6.7,18,37.3,23.1,29.2,79.1,11.6,30.4,42,20.9,7.8,6.4,14.6,22.5,2009,0
"123","Los Angeles Lakers",106.9,40.3,85.1,47.4,6.7,18.5,36.1,19.6,25.5,77,12.4,31.5,43.9,23.3,8.8,5.1,13.5,20.7,2009,1
"124","New York Knicks",105.2,38.5,86.5,44.5,10,27.9,36,18.2,23.2,78.4,11.1,31,42.1,21.2,7.4,2.5,14.3,20.4,2009,0
"125","Indiana Pacers",105.1,39.3,86.3,45.5,8,21,37.8,18.6,23,80.7,11.3,32.5,43.7,21.6,7,5.3,14.5,23.1,2009,0
"126","Denver Nuggets",104.3,37.3,79.4,47,6.7,18,37.1,23.1,30.3,76,11,30.6,41.6,22.2,8.7,6,15.3,22.9,2009,1
"127","Utah Jazz",103.6,38.3,80.8,47.5,4.8,13.7,34.9,22.1,28.7,77.1,11.5,29.5,41,24.7,8.8,4.6,14.8,22.3,2009,1
"128","Chicago Bulls",102.2,38.1,83.5,45.7,6,15.8,38.1,19.9,25,79.6,11.8,30.3,42.1,21.1,7.5,5.5,14.5,20.8,2009,1
"129","Dallas Mavericks",101.7,38.1,82.6,46.2,7,19.9,35,18.5,22.6,81.9,11.1,31.6,42.7,21.7,7.2,5.2,12.7,19.5,2009,1
"130","Orlando Magic",101,35.7,78.2,45.7,10,26.2,38.1,19.6,27.5,71.5,10,33.3,43.3,19.4,7,5.4,13.9,20.3,2009,1
"131","Boston Celtics",100.9,37.5,77.2,48.6,6.6,16.5,39.7,19.4,25.3,76.5,10.6,31.5,42.1,22.7,7.6,4.7,15.6,23.1,2009,1
"132","Sacramento Kings",100.6,36.5,81.5,44.7,7.1,19.4,36.8,20.5,25.7,79.8,10.2,28.9,39.1,19.7,6.9,4.3,15.4,23.3,2009,0
"133","Cleveland Cavaliers",100.3,36.9,78.7,46.8,8,20.4,39.3,18.6,24.5,75.7,10.8,31.4,42.2,20.3,7.2,5.3,12.7,20.3,2009,1
"134","Portland Trail Blazers",99.4,36.8,79.2,46.5,7.3,19,38.3,18.5,24.2,76.5,12.9,28.8,41.7,20.3,6.7,4.9,12.9,20.4,2009,1
"135","Milwaukee Bucks",99.3,36.7,82.4,44.5,6.2,17.2,36.3,19.7,25.2,78,11.9,28.9,40.7,22,7.4,3.8,14.1,24.2,2009,0
"136","Toronto Raptors",99,37.2,81.4,45.8,5.8,15.7,37.2,18.7,22.7,82.4,9.8,30.6,40.4,22.4,6.4,4.8,13.4,19.4,2009,0
"137","Houston Rockets",98.4,36.1,79.6,45.3,7.6,20.2,37.5,18.7,23.2,80.5,10.5,32.5,43,20.3,6.7,4.3,14.1,18.9,2009,1
"138","Miami Heat",98.3,37,81,45.7,7.1,19.9,35.7,17.2,22.8,75.4,10.1,29.4,39.5,20.4,7.9,5.5,12.5,20.7,2009,1
"139","Atlanta Hawks",98.1,36,78.7,45.8,7.3,19.9,36.6,18.7,25.4,73.7,10.6,29.4,40,20.2,7.4,4.6,12.8,19.6,2009,1
"140","New Jersey Nets",98.1,35.7,79.7,44.8,8,21.2,37.6,18.8,24.1,77.9,10.4,29.5,39.8,20,6.8,4.8,13.1,22.4,2009,0
"141","Minnesota Timberwolves",97.8,36.4,82.5,44.1,6.6,18.8,35.3,18.3,23.9,76.9,11.9,29.8,41.7,20.4,6.2,3.9,14.2,21.8,2009,0
"142","Philadelphia 76ers",97.4,36.5,79.7,45.9,4.2,13.1,31.8,20.1,27,74.5,12.7,28.5,41.2,20.1,8,5.1,14.1,20.1,2009,1
"143","San Antonio Spurs",97,37.1,79.7,46.6,7.6,19.8,38.6,15.2,20,76.1,8.9,32.2,41,21.2,5.8,4,11.7,18.9,2009,1
"144","Oklahoma City Thunder",97,36.6,81.9,44.7,4,11.6,34.6,19.8,25.2,78.6,12.2,30.5,42.6,20.3,7.4,4.5,16.2,20.2,2009,0
"145","Washington Wizards",96.1,36.5,81.2,45,4.8,14.6,33,18.2,23.8,76.7,11.7,28.4,40.1,20,7.5,4.5,14,20.5,2009,0
"146","New Orleans Hornets",95.8,35.5,77.6,45.7,6.8,18.6,36.4,18,22.4,80.7,9.8,29.9,39.7,19.6,7.2,4.1,12.5,20.3,2009,1
"147","LA Clippers",95.1,36,81.7,44.1,6.5,18.5,35.4,16.5,22.4,73.6,10.9,29,39.8,21,7,5.9,14.9,20.1,2009,0
"148","Detroit Pistons",94.2,36.4,80,45.4,4.6,13.2,34.9,16.9,22.5,75.1,11.6,29.9,41.4,20.6,6,4.6,11.9,20.9,2009,1
"149","Memphis Grizzlies",93.9,34.9,77,45.4,4.9,13.5,36,19.1,25.3,75.6,10.3,28.5,38.8,17.4,7.5,4.7,15.3,21.7,2009,0
"150","Charlotte Bobcats",93.6,35,76.8,45.5,6,16.3,36.6,17.7,24,74,10.8,28.9,39.7,21.2,7.1,4.8,15.6,21.4,2009,0
"151","Phoenix Suns",110.2,40.7,82.8,49.2,8.9,21.6,41.2,19.9,25.8,77,11.1,31.9,43,23.3,5.8,5.1,14.8,20.9,2010,1
"152","Golden State Warriors",108.8,40.6,86.5,46.9,7.7,20.6,37.5,19.9,25.4,78.2,9.2,29.2,38.4,22.4,9.3,4.1,14.7,23,2010,0
"153","Denver Nuggets",106.5,38.1,81.4,46.8,6.6,18.5,35.9,23.6,30.6,77.2,10.8,30.5,41.4,21,8.3,5.1,13.9,22.5,2010,1
"154","Utah Jazz",104.2,39.4,80.2,49.1,5.4,14.7,36.4,20.2,27.2,74.1,10.6,31.6,42.2,26.7,8.2,4.9,15.2,22.7,2010,1
"155","Toronto Raptors",104.1,39,80.9,48.2,6.3,17,37.1,19.7,25.8,76.4,9.8,30.6,40.4,22,5.7,4.7,13.4,22.2,2010,0
"156","Orlando Magic",102.8,36.6,78,47,10.3,27.3,37.5,19.2,26.5,72.4,9.9,33.4,43.2,19.7,6.2,5.6,14.1,19.9,2010,1
"157","Memphis Grizzlies",102.5,39.3,83.8,46.9,4.2,12.4,33.7,19.7,26.9,73.3,13,30.4,43.5,18.8,7.9,4.9,15.2,20.2,2010,0
"158","Houston Rockets",102.4,37.7,84.4,44.7,7.9,22.4,35.1,19,24.7,77.2,11.8,30.1,42,21.8,7.1,3.9,14.5,20.9,2010,0
"159","Cleveland Cavaliers",102.1,37.8,77.9,48.5,7.3,19.3,38.1,19.1,26.6,72,9.6,32.8,42.5,22.4,6.9,5.2,13.9,19.4,2010,1
"160","New York Knicks",102.1,38.1,83.9,45.5,9.1,26.2,34.6,16.8,21.5,78.2,10.2,30.2,40.4,21.6,7.1,3.7,14,20,2010,0
"161","Dallas Mavericks",102,38.3,82.4,46.5,6.8,18.3,37.3,18.6,22.8,81.6,10.2,31.5,41.7,23.4,7.6,5.5,12.9,19.1,2010,1
"162","Los Angeles Lakers",101.7,38.3,83.8,45.7,6.5,19,34.1,18.5,24.2,76.5,11.9,32.5,44.3,21.1,7.5,4.9,13.4,19.4,2010,1
"163","Atlanta Hawks",101.7,38.8,82.9,46.8,6.4,17.7,36,17.7,23.3,75.9,11.8,29.9,41.7,21.8,7.2,5,12,19.9,2010,1
"164","Oklahoma City Thunder",101.5,37.4,80.8,46.2,5.1,15,34,21.7,27,80.5,11.7,31.8,43.5,20,8,5.9,15,21.3,2010,1
"165","San Antonio Spurs",101.4,38.4,81.2,47.3,6.8,18.9,35.8,17.8,24,74,10.8,32,42.8,22.3,6.3,4.6,13.6,20.4,2010,1
"166","Indiana Pacers",100.8,36.8,83.2,44.3,8,23.1,34.8,19.1,24.6,77.5,9.6,31.9,41.5,21.1,7.1,5.4,15,22.5,2010,0
"167","New Orleans Hornets",100.2,38.8,83.4,46.4,7,19.2,36.3,15.8,20.3,77.8,10.4,29.9,40.3,22.3,7.6,3.7,13.5,19.6,2010,0
"168","Sacramento Kings",100,38.3,84.1,45.6,5.9,16.9,34.9,17.4,24,72.6,11.9,30.7,42.6,20.5,6.9,4.5,15,22.3,2010,0
"169","Boston Celtics",99.2,37.1,76.8,48.3,6.1,17.5,34.8,19,25.5,74.6,8.7,29.9,38.6,23.5,8.5,4.9,14.9,22.1,2010,1
"170","Minnesota Timberwolves",98.2,37.9,84.4,44.9,4.9,14.4,34.1,17.5,23.5,74.6,11.7,31.2,42.9,19.8,7.3,3.7,16.3,20.7,2010,0
"171","Portland Trail Blazers",98.1,36.3,78.7,46.1,6,16.9,35.4,19.6,24.8,79,11.1,29.1,40.2,20.4,6.4,4.3,12.3,20.9,2010,1
"172","Philadelphia 76ers",97.7,37.6,81.8,46,5.8,16.8,34.3,16.7,22,75.6,11.5,29.5,41,21,8.1,5.4,14.5,20.5,2010,0
"173","Milwaukee Bucks",97.7,37.2,85.3,43.6,7.9,22.1,35.6,15.4,20.4,75.5,11.8,31.2,43,21.2,7.1,4.7,13.2,22.2,2010,1
"174","Chicago Bulls",97.5,37.6,83.2,45.1,4.3,13,33,18,23.9,75.4,11.4,33.1,44.5,20.8,6.5,5.8,14.3,20.1,2010,1
"175","Miami Heat",96.5,36.4,79.5,45.8,6,17.4,34.6,17.7,23.5,75.2,10.7,31.1,41.8,18.9,7.4,5.6,13.2,20.9,2010,1
"176","Washington Wizards",96.2,36.7,81.7,44.9,5.3,14.9,35.3,17.6,23.1,76.2,11.8,30,41.8,19,6,5.1,14.9,21.4,2010,0
"177","LA Clippers",95.7,36.6,80.5,45.5,5.9,17.8,33.2,16.6,22.8,73,11.3,30.5,41.8,22.1,6.5,5.7,15.7,19.3,2010,0
"178","Charlotte Bobcats",95.3,34.9,76.9,45.3,5.6,16.2,34.6,20,26.6,75.1,10.5,30.4,40.8,20.2,7.7,5.4,15.7,19.5,2010,1
"179","Detroit Pistons",94,35.9,80.5,44.5,4.6,14.5,31.4,17.7,24.4,72.8,12.8,27.3,40.2,19.4,7.3,3.8,13.4,22.2,2010,0
"180","New Jersey Nets",92.4,34.3,79.9,42.9,4.6,14.5,31.8,19.2,24.6,78,10.9,28.8,39.7,18.8,7,4.8,14.4,20,2010,0
"181","Denver Nuggets",107.5,38.4,80.6,47.6,8.1,20.8,38.8,22.7,29.6,76.5,9.6,32.3,42,22.1,7.4,4.3,14.1,21,2011,1
"182","New York Knicks",106.5,38.3,83.7,45.7,9.3,25.4,36.8,20.6,25.5,80.9,10.3,30.1,40.5,21.4,7.6,5.8,13.7,21.3,2011,1
"183","Houston Rockets",105.9,38.7,85.1,45.4,8.3,22.5,36.7,20.3,25.4,80.1,11.7,31.1,42.8,23.8,7.1,4.5,13.5,20,2011,0
"184","Phoenix Suns",105,39.3,83.5,47,8.5,22.6,37.7,18,23.6,75.9,10,30.2,40.2,23.7,6.6,4.4,14.3,20.3,2011,0
"185","Oklahoma City Thunder",104.8,37.4,80.6,46.4,5.9,17.1,34.7,24.1,29.3,82.3,11,31.8,42.8,20.4,8,5.9,14.1,22.4,2011,1
"186","San Antonio Spurs",103.7,38.4,80.8,47.5,8.4,21.1,39.7,18.5,24.2,76.7,10.1,31.7,41.9,22.4,7.3,4.5,13.4,19,2011,1
"187","Golden State Warriors",103.4,39.6,85.9,46.1,8.4,21.3,39.2,15.7,20.7,76.1,11.6,28.9,40.5,22.5,9,5,14.6,22,2011,0
"188","Miami Heat",102.1,37,76.8,48.1,6.7,18,37,21.5,27.9,76.9,9.6,32.5,42.1,20,6.6,5.2,13.9,20.4,2011,1
"189","Los Angeles Lakers",101.5,38.1,82.4,46.3,6.4,18.1,35.2,18.8,24.1,77.9,12.1,31.9,44,22,7.3,5.1,13.1,19,2011,1
"190","Minnesota Timberwolves",101.1,37.7,85.5,44.1,7.2,19.1,37.6,18.5,24.1,76.8,13.2,31.2,44.4,20.1,7.2,5.1,17,22.3,2011,0
"191","Dallas Mavericks",100.2,37.4,78.8,47.5,7.9,21.6,36.5,17.5,22.6,77.7,9.5,31.9,41.4,23.8,6.8,4.3,14,19.2,2011,1
"192","Memphis Grizzlies",99.9,39,82.9,47.1,3.8,11.3,33.4,18.1,24.2,75,11.8,29.2,41,20.6,9.4,5.4,14,20.8,2011,1
"193","Indiana Pacers",99.8,36.6,82.8,44.2,7.1,20.2,35.4,19.4,24.8,78.2,11.1,32.4,43.5,19.6,7.1,5.6,15.4,21.7,2011,1
"194","Utah Jazz",99.4,37.4,80.4,46.5,5.3,15.3,34.6,19.4,25.1,77.1,11,28.5,39.5,23.4,7.7,5.9,14.3,22.7,2011,0
"195","Sacramento Kings",99.4,38.2,85.1,44.9,5.2,15.6,33.5,17.7,24.2,73.4,13.1,30.8,43.9,20.4,7.4,4.8,16.1,22,2011,0
"196","Orlando Magic",99.2,36,78.2,46.1,9.4,25.6,36.6,17.7,25.6,69.2,10.5,32.7,43.2,20,6.7,4.7,14.9,20,2011,1
"197","Toronto Raptors",99.1,38.3,82.4,46.5,4.2,13.3,31.6,18.2,24.1,75.5,11.7,28.6,40.3,21.9,7.1,4.3,14.7,22,2011,0
"198","Philadelphia 76ers",99,38.1,82.6,46.1,5.4,15.2,35.5,17.4,22.6,77,10.4,31.4,41.8,22.7,7.6,4.3,13,19.4,2011,1
"199","LA Clippers",98.6,36.8,80.4,45.7,6.3,18.5,33.8,18.9,26.7,70.7,11.6,30.5,42.1,22.1,7.1,4.9,16.4,21.1,2011,0
"200","Chicago Bulls",98.6,37.1,80.3,46.2,6.2,17.3,36.1,18.2,24.5,74.3,11.8,32.4,44.2,22.3,7.2,5.7,14.2,20,2011,1
"201","Washington Wizards",97.3,37.2,84,44.3,4.8,14.4,33.2,18.2,24.4,74.5,12.4,29,41.3,19.4,8.1,6.1,15.3,22.6,2011,0
"202","Detroit Pistons",97,37.3,81.1,46,5.8,15.3,37.6,16.7,22.6,73.7,11.4,27.3,38.6,21.1,7.3,4,13,19.9,2011,0
"203","Boston Celtics",96.5,36.9,75.8,48.6,5,13.6,36.5,17.8,23.1,77,7.8,31,38.8,23.4,8.2,4.2,14.6,20.5,2011,1
"204","Portland Trail Blazers",96.3,36,80.5,44.7,6.3,18.3,34.5,18,22.4,80.4,12.1,27.2,39.3,21.2,8,4.4,13,19.3,2011,1
"205","Cleveland Cavaliers",95.5,35.2,81.1,43.4,6.2,18.2,34.2,18.9,25.3,74.5,10.4,29.9,40.3,21,6.6,4.2,14.2,20.1,2011,0
"206","Atlanta Hawks",95,36.2,78.4,46.2,6.1,17.4,35.2,16.4,21.1,77.9,9.3,30,39.3,22,6.1,4.2,13.6,19,2011,1
"207","New Orleans Hornets",94.9,35.9,78.2,45.9,5.4,15,36,17.7,23.1,76.5,10,30.1,40.1,20.6,7.6,4.4,13,21,2011,1
"208","New Jersey Nets",94.2,35.6,81,44,5.6,16.3,34.3,17.4,22.9,75.9,11.1,29.8,40.8,21,5.6,4.7,14,22,2011,0
"209","Charlotte Bobcats",93.3,35,77.6,45.1,4.8,14.7,32.7,18.4,24.4,75.6,10.3,29.8,40.1,21.1,6.4,5.3,14.5,20,2011,0
"210","Milwaukee Bucks",91.9,34.3,79.8,43,5.9,17.2,34.2,17.4,22.9,75.7,10.5,30.2,40.8,18.8,7.5,4.9,13.5,20.5,2011,0
"211","Denver Nuggets",104.1,39,81.9,47.6,6.6,19.9,33.2,19.6,26.7,73.5,11.2,31.9,43.1,24,8.2,5,15.4,19.7,2012,1
"212","San Antonio Spurs",103.7,39.6,82.8,47.8,8.4,21.3,39.3,16.2,21.6,74.8,10.3,32.6,43,23.2,7.4,4.4,13.6,17.3,2012,1
"213","Oklahoma City Thunder",103.1,37.3,79.2,47.1,7.2,20,35.8,21.3,26.4,80.6,11,32.7,43.7,18.5,7.5,8.2,16.3,20.5,2012,1
"214","Utah Jazz",99.7,38.2,83.8,45.6,4.1,12.8,32.3,19.1,25.3,75.4,13,31.1,44.2,21.8,8.3,5.8,14.2,21.8,2012,1
"215","Milwaukee Bucks",99,37.9,85.6,44.3,6.6,19.2,34.5,16.6,21.4,77.4,12.4,30,42.5,23.5,8.3,5.1,14.1,19.3,2012,0
"216","Sacramento Kings",98.8,37.7,86.5,43.6,6.2,19.7,31.6,17.1,23.2,73.6,13.4,29.5,42.9,19.3,8.5,4.9,14.4,19.5,2012,0
"217","Miami Heat",98.5,37.1,79,46.9,5.6,15.6,35.9,18.8,24.2,77.5,10.4,31.2,41.6,20,8.9,5.4,15.2,19.4,2012,1
"218","Phoenix Suns",98.4,37.8,82.5,45.8,6.7,19.6,34.3,16,21.2,75.7,10.9,30.8,41.7,22.5,6.5,5.5,14.1,18.7,2012,0
"219","Houston Rockets",98.1,37.7,84,44.9,7.2,20.2,35.9,15.4,19.7,78.2,11.7,30.5,42.2,21.3,7.5,4.8,14.5,20.4,2012,0
"220","Minnesota Timberwolves",97.9,35.7,82.3,43.3,7.2,21.6,33.2,19.4,25.2,77.1,12.1,31.7,43.7,19.5,6.6,4.4,15.2,18.4,2012,0
"221","New York Knicks",97.8,35.8,80.8,44.3,7.8,23.3,33.6,18.3,24.8,74.1,11.3,30.5,41.7,20.1,9.4,4.2,16,21.1,2012,1
"222","Golden State Warriors",97.8,37.7,82.5,45.7,7.9,20.5,38.8,14.4,18.7,77,9.7,29.5,39.2,22.3,8,5.5,13.9,21.4,2012,0
"223","Indiana Pacers",97.7,35.7,81.4,43.8,5.9,16.1,36.8,20.4,26.1,78.2,12.5,31.4,43.9,18.6,7.9,5.4,14,21.7,2012,1
"224","LA Clippers",97.5,37,81.3,45.5,7.8,21.8,35.7,15.8,23.3,68,12.1,29.4,41.6,21,8.4,4.8,13.3,21.2,2012,1
"225","Los Angeles Lakers",97.3,36.8,80.6,45.7,5.5,16.8,32.6,18.2,24.1,75.6,12.1,34.1,46.2,22.5,5.9,5.3,15.1,16.8,2012,1
"226","Portland Trail Blazers",97.2,36.4,82.1,44.3,7.2,20.9,34.6,17.2,21.6,79.6,11.1,29.5,40.7,20.4,8,4.9,14.2,19,2012,0
"227","Atlanta Hawks",96.6,36.8,81,45.4,7.5,20.2,37,15.5,21,74,9.9,31.3,41.2,22.4,8.1,4.6,14,17.8,2012,1
"228","Chicago Bulls",96.3,37.4,82.8,45.2,6.3,16.9,37.5,15.2,21.1,72.2,13.9,32.8,46.7,23.1,6.9,5.9,14,17.3,2012,1
"229","Dallas Mavericks",95.8,36.3,82,44.3,7.5,22.2,33.9,15.6,20.2,77.1,10.1,32.7,42.8,20.9,8.6,5.1,14,18.6,2012,1
"230","Memphis Grizzlies",95,36.7,82.2,44.7,4.2,12.9,32.6,17.3,22.8,75.9,12.6,29.5,42,19.5,9.6,5.2,14.5,19.9,2012,1
"231","Orlando Magic",94.2,34.5,78.2,44.1,10.2,27,37.5,15.1,22.8,66,11.2,31.2,42.5,20,6.8,4.2,14.9,17.7,2012,1
"232","Philadelphia 76ers",93.6,37.4,83.6,44.8,5.3,14.6,36.2,13.5,18.2,74.2,10.7,32.5,43.2,22,8,5.2,11.2,17.5,2012,1
"233","Washington Wizards",93.6,36.6,83,44.1,5.2,16.3,32,15.3,21,72.7,11.7,29.9,41.7,19.1,8,6.3,15.3,21.3,2012,0
"234","New Jersey Nets",93.1,34.3,80.6,42.5,7.7,22.4,34.2,16.9,21.7,77.7,11.9,28.5,40.3,19.9,7.5,3.9,15.1,19.2,2012,0
"235","Cleveland Cavaliers",93,34.3,81.2,42.2,6.7,19.3,34.6,17.8,24.9,71.6,12.7,29.5,42.3,19.8,7.1,4,15.4,20,2012,0
"236","Boston Celtics",91.8,35.5,77.1,46,5.5,15,36.7,15.4,19.8,77.8,7.7,31.1,38.8,23.6,7.5,5.5,14.8,19.9,2012,1
"237","Detroit Pistons",90.9,34.7,79.3,43.8,4.8,13.9,34.6,16.6,22.1,75.2,11.7,28.5,40.3,18.7,7,4.2,15.7,19.6,2012,0
"238","Toronto Raptors",90.7,34.4,78.1,44,5.5,16.3,34,16.4,21.4,76.9,10.6,31.4,42,20.9,6.5,4.9,15.2,23.2,2012,0
"239","New Orleans Hornets",89.6,34.8,77.3,45.1,3.9,11.8,33.3,16,21.2,75.7,11,30.2,41.1,20.7,7.4,4.8,15.5,20.1,2012,0
"240","Charlotte Bobcats",87,33.2,80.2,41.4,4,13.5,29.5,16.5,22.2,74.6,10.3,28.7,39,20.1,6,5.5,14.5,18.9,2012,0
"241","Denver Nuggets",106.1,40.7,85.2,47.8,6.4,18.5,34.3,18.4,26.2,70.1,13.3,31.7,45,24.4,9.3,6.5,14.7,20.5,2013,1
"242","Houston Rockets",106,38.1,82.7,46.1,10.6,28.9,36.6,19.2,25.5,75.4,11.1,32.3,43.4,23.2,8.3,4.4,15.8,20.3,2013,1
"243","Oklahoma City Thunder",105.7,38.1,79.3,48.1,7.3,19.4,37.7,22.2,26.8,82.8,10.4,33.2,43.6,21.4,8.3,7.6,14.6,20.2,2013,1
"244","San Antonio Spurs",103,39.1,81.4,48.1,8.1,21.5,37.6,16.6,21,79.1,8.1,33.2,41.3,25.1,8.5,5.4,14.1,17.4,2013,1
"245","Miami Heat",102.9,38.4,77.4,49.6,8.7,22.1,39.6,17.4,23,75.4,8.2,30.4,38.6,23,8.7,5.4,13.3,18.7,2013,1
"246","Los Angeles Lakers",102.2,37.1,81,45.8,8.7,24.6,35.5,19.3,27.9,69.2,11.5,33.3,44.8,22.2,7,5.2,14.6,17.9,2013,1
"247","Golden State Warriors",101.2,38.2,83.4,45.8,8,19.9,40.3,16.8,21.3,79,10.8,34.2,45,22.5,6.9,4.2,14.8,21.4,2013,1
"248","Dallas Mavericks",101.1,38.8,84,46.2,7.4,19.9,37.2,16.1,20.4,79.3,9.4,32.6,41.9,23.2,7.9,5.5,13.5,20.7,2013,0
"249","LA Clippers",101.1,38.5,80.6,47.8,7.6,21.4,35.8,16.4,23,71.1,11.4,30.2,41.6,23.9,9.6,5.6,13.8,20.9,2013,1
"250","Sacramento Kings",100.2,37.6,84.2,44.7,7.4,20.5,36.3,17.5,22.8,76.9,11.5,29.1,40.6,20.8,8.2,4.2,14,20.9,2013,0
"251","New York Knicks",100,36.5,81.6,44.8,10.9,28.9,37.6,16,21.1,75.9,10.9,29.7,40.6,19.3,8.2,3.6,11.6,20.1,2013,1
"252","Milwaukee Bucks",98.9,38.1,87.8,43.5,7.3,20.4,36,15.3,20.7,73.6,13,30.9,44,22.9,8.4,6.7,13.6,19,2013,1
"253","Utah Jazz",98,37.1,81.8,45.4,6.2,16.9,36.6,17.5,23,76.4,12.1,30,42,22.7,8.4,6.3,14.2,21.3,2013,0
"254","Atlanta Hawks",98,37.6,81,46.4,8.6,23.2,37.1,14.1,19.7,71.5,9.2,31.6,40.9,24.5,8.1,4.5,14.3,18,2013,1
"255","Portland Trail Blazers",97.5,36.7,81.9,44.8,8.2,23.2,35.3,15.9,20.5,77.6,10.7,30.2,40.8,21.8,6.6,4.3,14.2,18.5,2013,0
"256","Toronto Raptors",97.2,36.3,81.5,44.6,7,20.3,34.3,17.6,22.3,78.8,10.6,29.6,40.2,21.5,7.3,4.8,13.2,22.4,2013,0
"257","Brooklyn Nets",96.9,35.9,79.8,45,7.7,21.5,35.7,17.5,23.9,73.1,12.8,30,42.8,20.3,7.3,4.8,13.9,18.3,2013,1
"258","Boston Celtics",96.5,37,79.7,46.5,6.1,17.2,35.8,16.3,21,77.6,8.1,31.3,39.3,22.8,8.2,4.5,13.9,21.2,2013,1
"259","Cleveland Cavaliers",96.5,36.5,84.2,43.4,6.7,19.3,34.6,16.8,22.3,75.6,12.2,28.8,41,20.7,7.9,4.1,13.4,21.2,2013,0
"260","Minnesota Timberwolves",95.7,35.9,81.7,43.9,5.5,18,30.5,18.5,24.9,74.2,11.9,30.2,42,22.4,8.5,4.7,14.1,18.4,2013,0
"261","Phoenix Suns",95.2,37.3,84.4,44.3,5.9,17.7,33,14.7,19.7,74.4,11.7,29.9,41.6,22.6,8,5.3,14.9,20.6,2013,0
"262","Detroit Pistons",94.9,36.3,81,44.9,6.3,17.6,35.6,15.9,22.8,69.9,12.1,30,42.1,21.2,7,4.9,14.6,19.8,2013,0
"263","Indiana Pacers",94.7,35.1,80.6,43.6,6.9,19.7,34.7,17.6,23.6,74.6,12.9,33,45.9,20.3,7.2,6.3,14.5,20,2013,1
"264","Orlando Magic",94.1,37.7,84.2,44.8,6.2,18.7,32.9,12.5,16.6,75.5,10.9,31.9,42.7,22.8,6.4,4.4,14,19.4,2013,0
"265","New Orleans Hornets",94.1,36,80.4,44.8,6.5,18,36.3,15.5,20,77.6,12,29.6,41.6,21,6.3,5.4,13.7,20.4,2013,0
"266","Charlotte Bobcats",93.4,34.4,81.1,42.5,5.7,17.1,33.5,18.9,25.1,75,11.2,29.1,40.3,19.4,7.2,5.8,13.1,19,2013,0
"267","Memphis Grizzlies",93.4,36.1,81.5,44.4,4.7,13.5,34.5,16.5,21.3,77.3,12.9,29.8,42.7,20.9,8.6,5.3,13.2,20.2,2013,1
"268","Washington Wizards",93.2,35.5,81.6,43.5,6.6,18.2,36.5,15.6,21.3,73.3,10.8,32.3,43.2,21.6,7.3,4.6,14.6,20.5,2013,0
"269","Chicago Bulls",93.2,35.7,81.7,43.7,5.4,15.4,35.3,16.4,21.2,77.3,12.5,30.7,43.2,23,7.2,5.1,13.7,19.7,2013,1
"270","Philadelphia 76ers",93.2,37.3,84.1,44.4,6.3,17.5,36,12.2,16.8,72.9,10.9,30.4,41.3,22.8,7.4,4.7,12.6,18.4,2013,0
"271","LA Clippers",107.9,39.1,82.5,47.4,8.5,24,35.2,21.2,29.1,73,10.5,32.5,43,24.6,8.6,4.8,13.3,21.5,2014,1
"272","Houston Rockets",107.7,38,80.5,47.2,9.5,26.6,35.8,22.1,31.1,71.2,11.2,34.1,45.3,21.4,7.6,5.6,15.4,20.4,2014,1
"273","Minnesota Timberwolves",106.9,38.9,87.5,44.4,7.3,21.4,34.1,21.8,28.1,77.8,12.5,32.2,44.7,24,8.8,3.6,13.5,18.3,2014,0
"274","Portland Trail Blazers",106.7,39.1,87,45,9.4,25.3,37.2,19.1,23.5,81.5,12.5,34,46.4,23.2,5.5,4.7,13.3,19.2,2014,1
"275","Oklahoma City Thunder",106.2,39,82.7,47.1,8.1,22.4,36.1,20.2,25,80.6,10.8,33.9,44.7,21.9,8.3,6.1,14.8,22.7,2014,1
"276","San Antonio Spurs",105.4,40.6,83.5,48.6,8.5,21.4,39.7,15.7,20,78.5,9.3,34,43.3,25.2,7.4,5.1,14.1,18.2,2014,1
"277","Phoenix Suns",105.2,38.7,83.5,46.3,9.3,25.1,37.2,18.5,24.4,75.8,11.3,31.7,43,19.1,8.4,4.6,14.8,21.9,2014,0
"278","Dallas Mavericks",104.8,39.6,83.6,47.4,8.8,22.9,38.4,16.8,21.1,79.5,10.2,30.7,40.9,23.6,8.6,4.3,13.2,20,2014,1
"279","Denver Nuggets",104.4,38.4,85.9,44.7,8.6,23.9,35.8,19.1,26.3,72.6,12.3,33.1,45.4,22.4,7.5,5.6,15.4,23,2014,0
"280","Golden State Warriors",104.3,39.5,85.4,46.2,9.4,24.8,38,15.9,21.1,75.3,10.9,34.4,45.3,23.3,7.8,5,14.9,21.8,2014,1
"281","Los Angeles Lakers",103,38.3,85.1,45,9.4,24.8,38.1,17,22.4,75.7,9.1,32,41,24.5,7.5,5.4,14.8,19.8,2014,0
"282","Miami Heat",102.2,38.3,76.5,50.1,8.1,22.3,36.4,17.5,23,76,7.6,29.2,36.9,22.5,8.9,4.5,14.2,19.5,2014,1
"283","Toronto Raptors",101.3,36.5,81.9,44.5,8.7,23.4,37.2,19.6,25.1,78.2,11.4,31.1,42.5,21.2,7,4.2,13.4,23,2014,1
"284","Detroit Pistons",101,38.8,86.9,44.7,6.2,19.3,32.1,17.3,25.7,67,14.6,30.8,45.4,20.9,8.4,4.8,13.9,20.3,2014,0
"285","Atlanta Hawks",101,37.3,81.6,45.8,9.4,25.8,36.3,17,21.7,78.1,8.7,31.3,40,24.9,8.3,4,14.5,19.2,2014,1
"286","Washington Wizards",100.7,38.7,84.4,45.9,7.9,20.8,38,15.3,20.9,73.1,10.8,31.4,42.2,23.3,8.1,4.6,14.1,20.4,2014,1
"287","Sacramento Kings",100.5,36.9,82.5,44.7,6,18,33.3,20.7,27.3,75.9,12.1,32.4,44.5,18.9,7.2,3.9,14.7,22.5,2014,0
"288","New Orleans Pelicans",99.7,37.8,82.5,45.9,5.9,15.9,37.3,18.2,23.6,76.9,11.4,30.3,41.7,21.3,7.9,6.4,13,22.6,2014,0
"289","Philadelphia 76ers",99.5,37.9,87.2,43.5,7,22.5,31.2,16.6,23.4,71,11.6,31.2,42.7,21.8,9.3,4,16.4,22.5,2014,0
"290","New York Knicks",98.6,36.9,82.2,44.9,9.3,24.9,37.2,15.5,20.4,76.1,10.6,29.7,40.3,20,7.7,4.5,12.4,22.1,2014,0
"291","Brooklyn Nets",98.5,35.7,77.9,45.9,8.6,23.4,36.9,18.4,24.4,75.3,8.8,29.4,38.1,20.9,8.6,3.8,14,21.7,2014,1
"292","Cleveland Cavaliers",98.2,37,84.8,43.7,7.1,20,35.6,17,22.7,75.1,12.1,32.1,44.1,21.2,7.1,3.7,13.5,20,2014,0
"293","Charlotte Bobcats",96.9,36.3,82.1,44.2,6.3,17.9,35.1,18,24.4,73.7,9.5,33.2,42.7,21.7,6.1,5.1,11.6,18.2,2014,1
"294","Indiana Pacers",96.7,36,80.2,44.9,6.7,18.8,35.7,18.1,23.3,77.9,10.2,34.5,44.7,20.1,6.7,5.4,14.5,20.4,2014,1
"295","Orlando Magic",96.5,36.9,82.7,44.5,6.9,19.5,35.3,15.9,20.9,76.3,9.7,32.4,42,21,7.7,4.3,14.2,20.5,2014,0
"296","Boston Celtics",96.2,36.5,83.9,43.5,7,21.1,33.3,16.2,20.8,77.7,12,30.5,42.5,21,7.1,4.2,14.4,21.3,2014,0
"297","Memphis Grizzlies",96.1,38.1,82,46.4,4.9,14,35.3,15.1,20.3,74.1,11.6,30.8,42.4,21.9,7.7,4.6,12.9,19.1,2014,1
"298","Milwaukee Bucks",95.5,36,82.2,43.8,6.7,18.9,35.3,16.8,22.5,74.7,11.8,29.3,41.1,21.5,6.6,4.9,14.3,20.9,2014,0
"299","Utah Jazz",95,36,81.1,44.4,6.6,19.2,34.4,16.4,22,74.7,11,30.2,41.2,20.3,7,4.5,14,20.7,2014,0
"300","Chicago Bulls",93.7,34.7,80.2,43.2,6.2,17.8,34.8,18.1,23.3,77.9,11.4,32.7,44.1,22.7,7.2,5.2,14,19.1,2014,1
"301","Golden State Warriors",110,41.6,87,47.8,10.8,27,39.8,16,20.8,76.8,10.4,34.3,44.7,27.4,9.3,6,14.1,19.9,2015,1
"302","LA Clippers",106.7,39.4,83.3,47.3,10.1,26.9,37.6,17.9,25.2,71,9.6,33.1,42.6,24.8,7.8,5,11.8,21.3,2015,1
"303","Dallas Mavericks",105.2,39.7,85.8,46.3,8.9,25.4,35.2,16.9,22.5,75.2,10.5,31.8,42.3,22.5,8.1,4.5,12.5,20,2015,1
"304","Toronto Raptors",104,37.9,83.3,45.5,8.9,25.1,35.2,19.3,24.6,78.7,10.7,30.8,41.5,20.7,7.5,4.4,12.2,20.9,2015,1
"305","Oklahoma City Thunder",104,38.8,86.8,44.7,7.7,22.7,33.9,18.6,24.6,75.4,12.8,34.7,47.5,20.5,7.3,5.5,14,22.3,2015,0
"306","Houston Rockets",103.9,37,83.3,44.4,11.4,32.7,34.8,18.6,26,71.5,11.7,32,43.7,22.2,9.5,5,15.9,22,2015,1
"307","San Antonio Spurs",103.2,39.1,83.6,46.8,8.3,22.5,36.7,16.7,21.4,78,9.8,33.8,43.6,24.4,8,5.4,13.5,19.1,2015,1
"308","Cleveland Cavaliers",103.1,37.7,82.2,45.8,10.1,27.5,36.7,17.7,23.6,75.1,11.1,31.9,43,22.1,7.4,4.1,13.6,18.4,2015,1
"309","Portland Trail Blazers",102.8,38.7,86,45,9.8,27.2,36.2,15.5,19.4,80.1,10.7,35.1,45.9,21.9,6.4,4.5,13.3,18.2,2015,1
"310","Atlanta Hawks",102.5,38.1,81.7,46.6,10,26.2,38,16.5,21.2,77.8,8.7,31.8,40.6,25.7,9.1,4.6,13.5,17.8,2015,1
"311","Phoenix Suns",102.4,38.8,85.8,45.2,8.5,25,34.1,16.4,21.5,76,10.9,32.2,43.2,20.2,8.5,4.7,14.5,21.3,2015,0
"312","Denver Nuggets",101.5,37.8,87.3,43.3,8,24.8,32.5,17.8,24.3,73.4,12.3,32.4,44.7,21.8,7.8,4.5,13.8,23,2015,0
"313","Boston Celtics",101.4,38.9,87.9,44.3,8,24.6,32.7,15.4,20.5,75.4,11.1,32.7,43.8,24.5,8.2,3.6,13.3,21.2,2015,1
"314","Sacramento Kings",101.3,36.7,80.7,45.5,5.6,16.5,34.1,22.3,29.3,76.2,10.9,33.3,44.2,20.3,6.7,4,15.6,20.7,2015,0
"315","Chicago Bulls",100.8,36.6,82.9,44.2,7.9,22.3,35.3,19.7,25.2,78.3,11.7,34,45.7,21.7,6.3,5.8,13.2,18.2,2015,1
"316","New Orleans Pelicans",99.4,37.9,82.9,45.7,7.1,19.3,37,16.4,21.8,75.1,11.5,32,43.5,22,6.7,6.2,12.6,18.7,2015,1
"317","Washington Wizards",98.5,38.3,82.8,46.2,6.1,16.8,36,15.9,21.4,74.2,10.5,34.2,44.7,24,7.3,4.6,14.4,20.8,2015,1
"318","Detroit Pistons",98.5,37.1,85.8,43.2,8.6,24.9,34.4,15.8,22.4,70.3,12.8,32.1,44.9,21.6,7.6,4.7,12.6,19,2015,0
"319","Los Angeles Lakers",98.5,37.2,85.6,43.5,6.5,18.9,34.4,17.5,23.6,74.1,11.6,32.3,43.9,20.9,7,4.5,12.6,21.2,2015,0
"320","Memphis Grizzlies",98.3,37.8,82.5,45.8,5.2,15.2,33.9,17.6,22.8,77.3,10.4,32.1,42.6,21.7,8.5,4.2,13,19.1,2015,1
"321","Brooklyn Nets",98,37.4,83,45.1,6.6,19.9,33.1,16.6,22.2,74.8,10.3,32,42.4,20.9,7,4.1,13.4,19.3,2015,1
"322","Milwaukee Bucks",97.8,37.6,82,45.9,6.6,18.3,36.3,16,21.1,75.7,10.7,31.4,42.1,23.6,9.6,4.9,16,22.1,2015,1
"323","Minnesota Timberwolves",97.8,36.4,83.2,43.8,5,14.9,33.2,20,25.7,77.6,11.6,29.3,40.9,21.6,8.1,4,14.3,19.2,2015,0
"324","Indiana Pacers",97.3,36.6,83.2,43.9,7.5,21.2,35.2,16.7,22.2,75.6,10.4,34.4,44.9,21.4,6.2,4.6,13.3,21.2,2015,0
"325","Orlando Magic",95.7,37.5,82.8,45.3,6.8,19.5,34.7,13.9,19.1,72.9,10,31.8,41.8,20.6,7.9,3.8,14.3,20.9,2015,0
"326","Utah Jazz",95.1,35.4,79.2,44.7,7.4,21.7,34.3,17,23.5,72.1,12,31.9,44,19.9,7.6,6,14.2,19.3,2015,0
"327","Miami Heat",94.7,35.2,77.2,45.6,6.8,20.2,33.5,17.5,23.7,74.1,9.1,30,39.1,19.8,7.8,4.5,13.9,20,2015,0
"328","Charlotte Hornets",94.2,35.5,84.5,42,6.1,19.1,31.8,17,22.8,74.8,10,34.1,44.1,20.2,6.1,5.5,11.2,18.2,2015,0
"329","Philadelphia 76ers",92,33.7,82.6,40.8,8.4,26.3,32,16.1,23.8,67.6,11.9,30.9,42.9,20.5,9.6,5.9,16.9,21.7,2015,0
"330","New York Knicks",91.9,35.1,82,42.8,6.8,19.7,34.7,14.8,19.2,76.9,10.6,29.8,40.4,21.3,7,4.7,13.8,21.6,2015,0
"331","Golden State Warriors",114.9,42.5,87.3,48.7,13.1,31.6,41.6,16.7,21.8,76.3,10,36.2,46.2,28.9,8.4,6.1,14.9,20.7,2016,1
"332","Oklahoma City Thunder",110.2,41.1,86.4,47.6,8.3,23.7,34.8,19.7,25.2,78.2,13.1,35.6,48.6,23,7.4,5.9,15.5,20.6,2016,1
"333","Sacramento Kings",106.6,40,86.4,46.3,8,22.4,35.9,18.5,25.5,72.5,10.6,33.7,44.2,24.5,8.9,4.5,15.5,20.4,2016,0
"334","Houston Rockets",106.5,37.7,83.5,45.2,10.7,30.9,34.7,20.4,29.4,69.4,11.3,31.7,43.1,22.2,10,5.2,15.2,21.8,2016,1
"335","Boston Celtics",105.7,39.2,89.2,43.9,8.7,26.1,33.5,18.5,23.5,78.8,11.6,33.3,44.9,24.2,9.2,4.2,13.5,21.9,2016,1
"336","Portland Trail Blazers",105.1,38.6,85.9,45,10.5,28.5,37,17.4,23,75.4,11.6,33.9,45.5,21.3,6.9,4.6,14.1,21.7,2016,1
"337","LA Clippers",104.5,38.3,82.4,46.5,9.7,26.7,36.4,18.2,26.2,69.2,8.8,33.3,42,22.8,8.6,5.6,12.4,21.3,2016,1
"338","Cleveland Cavaliers",104.3,38.7,84,46,10.7,29.6,36.2,16.3,21.7,74.8,10.6,33.9,44.5,22.7,6.7,3.9,12.9,20.3,2016,1
"339","Washington Wizards",104.1,39.5,85.8,46,8.6,24.2,35.8,16.5,22.5,73,9.1,32.8,41.8,24.5,8.6,3.9,13.9,20.8,2016,0
"340","San Antonio Spurs",103.5,40.1,82.9,48.4,7,18.5,37.5,16.4,20.4,80.3,9.4,34.5,43.9,24.5,8.3,5.9,12.5,17.5,2016,1
"341","Charlotte Hornets",103.4,37,84.4,43.9,10.6,29.4,36.2,18.7,23.7,79,9,35,43.9,21.7,7.3,5.3,11.9,18.1,2016,1
"342","Atlanta Hawks",102.8,38.6,84.4,45.8,9.9,28.4,35,15.6,20,78.3,8.3,33.8,42.1,25.6,9.1,5.9,14.5,19.1,2016,1
"343","New Orleans Pelicans",102.7,38.5,85.9,44.8,8.6,23.8,36,17.3,22.2,77.6,9.5,33.1,42.6,22.2,7.7,4.2,13,20.9,2016,0
"344","Toronto Raptors",102.7,36.7,81.3,45.1,8.6,23.4,37,20.8,26.7,77.7,10.2,33.2,43.4,18.7,7.8,5.5,12.1,19.6,2016,1
"345","Minnesota Timberwolves",102.4,37.7,81.3,46.4,5.5,16.4,33.8,21.4,27,79.2,10,31.5,41.6,23.4,8,4.6,14.4,20.7,2016,0
"346","Dallas Mavericks",102.3,37.4,84.1,44.4,9.8,28.6,34.4,17.7,22.3,79.4,9.2,33.9,43.1,22.1,6.8,3.7,12.3,19.5,2016,1
"347","Indiana Pacers",102.2,38.3,85.2,45,8.1,23,35.1,17.4,22.8,76.4,10.3,33.9,44.2,21.2,9,4.8,14.3,20,2016,1
"348","Orlando Magic",102.1,39.5,86.8,45.5,7.8,22.2,35,15.2,20.1,75.7,10.3,33,43.3,23.6,8.2,5.1,13.6,20.7,2016,0
"349","Detroit Pistons",102,37.9,86.4,43.9,9,26.2,34.5,17.1,25.5,66.8,12.5,33.9,46.3,19.4,7,3.7,13,19,2016,1
"350","Denver Nuggets",101.9,37.7,85.4,44.2,8,23.7,33.8,18.5,24.1,76.6,11.5,33.1,44.6,22.7,7.4,4.8,14.2,21,2016,0
"351","Chicago Bulls",101.6,38.6,87.4,44.1,7.9,21.4,37.1,16.5,21,78.7,11.1,35.2,46.3,22.8,6,5.7,13.3,18.8,2016,0
"352","Phoenix Suns",100.9,37.2,85.6,43.5,9,25.8,34.8,17.5,23.2,75.1,11.5,33.3,44.8,20.7,7.7,3.8,16.6,22.7,2016,0
"353","Miami Heat",100,38.4,81.7,47,6.1,18,33.6,17.1,23,74.4,9.8,34.3,44.1,20.8,6.7,6.5,13.2,18.3,2016,1
"354","Memphis Grizzlies",99.1,36.8,83.6,44,6.1,18.5,33.1,19.3,24.7,78.3,11.2,30.5,41.6,20.7,8.8,4.3,12.7,21.7,2016,1
"355","Milwaukee Bucks",99,38.4,82.2,46.7,5.4,15.6,34.5,17,22.7,74.7,10.5,31.2,41.7,23.1,8.2,5.8,14.6,20.7,2016,0
"356","Brooklyn Nets",98.6,38.2,84.4,45.3,6.5,18.4,35.2,15.7,20.7,75.7,10.5,31.9,42.4,22.3,7.6,4,14.3,18,2016,0
"357","New York Knicks",98.4,36.9,84,43.9,7.4,21.5,34.6,17.2,21.4,80.5,10.4,34,44.4,20.5,5.7,5.7,12.7,19.7,2016,0
"358","Utah Jazz",97.7,36.1,80.4,44.9,8.5,23.8,35.5,17.1,23,74.4,10.7,32.5,43.2,19,7.7,5.2,14.2,20.2,2016,0
"359","Philadelphia 76ers",97.4,36.2,84,43.1,9.3,27.5,33.9,15.7,22.6,69.4,9.5,31.8,41.2,21.5,8.3,6,15.6,21.7,2016,0
"360","Los Angeles Lakers",97.3,35.1,84.8,41.4,7.8,24.6,31.7,19.3,24.7,78.1,10.7,32.3,43,18,7.2,4.1,13,20.3,2016,0
"361","Golden State Warriors",115.9,43.1,87.1,49.5,12,31.2,38.3,17.8,22.6,78.8,9.4,35,44.4,30.4,9.6,6.8,14.4,19.3,2017,1
"362","Houston Rockets",115.3,40.3,87.2,46.2,14.4,40.3,35.7,20.3,26.5,76.6,10.9,33.5,44.4,25.2,8.2,4.3,14.5,19.9,2017,1
"363","Denver Nuggets",111.7,41.2,87.7,46.9,10.6,28.8,36.8,18.7,24.2,77.4,11.8,34.6,46.4,25.3,6.9,3.9,14.5,19.1,2017,0
"364","Cleveland Cavaliers",110.3,39.9,84.9,47,13,33.9,38.4,17.5,23.3,74.8,9.3,34.4,43.8,22.7,6.6,4,13.2,18.1,2017,1
"365","Washington Wizards",109.2,41.3,87,47.5,9.2,24.8,37.2,17.3,22.1,78.4,10.3,32.6,42.9,23.9,8.5,4.1,13.5,21.3,2017,1
"366","LA Clippers",108.7,39.5,83.2,47.5,10.3,27.4,37.5,19.3,26,74.5,9,34,43,22.5,7.5,4.2,12.5,19.8,2017,1
"367","Boston Celtics",108,38.6,85.1,45.4,12,33.4,35.9,18.7,23.2,80.7,9.1,32.9,42,25.2,7.5,4.1,12.6,20.6,2017,1
"368","Portland Trail Blazers",107.9,39.5,86.1,45.9,10.4,27.7,37.5,18.5,23.7,78,10.1,33.5,43.7,21.1,7,5,13.1,21.2,2017,1
"369","Phoenix Suns",107.7,39.9,88.5,45,7.5,22.6,33.2,20.4,26.3,77.6,11.9,33.1,45,19.6,8.2,4.9,14.9,24.8,2017,0
"370","Toronto Raptors",106.9,39.2,84.4,46.4,8.8,24.3,36.3,19.7,24.7,79.6,10.6,32.6,43.3,18.5,8.3,4.9,11.8,20.8,2017,1
"371","Oklahoma City Thunder",106.6,39.5,87.4,45.2,8.4,25.8,32.7,19.2,25.8,74.5,12.2,34.4,46.6,21,7.9,5,14.6,20.9,2017,1
"372","Brooklyn Nets",105.8,37.8,85.2,44.4,10.7,31.6,33.8,19.4,24.6,78.8,8.8,35.1,43.9,21.4,7.2,4.7,15.9,21,2017,0
"373","Minnesota Timberwolves",105.6,39.5,84.4,46.7,7.3,21,34.9,19.3,24.2,79.9,11.4,31,42.4,23.7,8,4.5,13.4,20.1,2017,0
"374","San Antonio Spurs",105.3,39.3,83.7,46.9,9.2,23.5,39.1,17.6,22,79.7,10,33.9,43.9,23.8,8,5.9,12.9,18.3,2017,1
"375","Indiana Pacers",105.1,39.3,84.5,46.5,8.6,23,37.6,17.9,22.1,81,9,33,42,22.5,8.2,5,13.3,19.5,2017,1
"376","Charlotte Hornets",104.9,37.7,85.4,44.2,10,28.6,35.1,19.4,23.8,81.5,8.8,34.8,43.6,23.1,7,4.8,11,16.6,2017,0
"377","Los Angeles Lakers",104.6,39.3,87.4,45,8.9,25.7,34.6,17,22.6,75.4,11.4,32.1,43.5,20.9,8.2,3.9,14.5,20.7,2017,0
"378","New Orleans Pelicans",104.3,39.1,87,45,9.4,26.8,35,16.7,22.3,75,8.6,35.1,43.7,22.8,7.8,5.5,12.3,18.2,2017,0
"379","New York Knicks",104.3,39.6,88.5,44.7,8.6,24.7,34.8,16.6,21.1,78.8,12,33.2,45.2,21.8,7.1,5.5,13.2,20.3,2017,0
"380","Milwaukee Bucks",103.6,38.8,81.9,47.4,8.8,23.7,37,17.2,22.4,76.8,8.8,31.6,40.4,24.2,8.1,5.3,13.4,20.2,2017,1
"381","Miami Heat",103.2,39,85.8,45.5,9.9,27,36.5,15.2,21.6,70.6,10.6,33,43.6,21.2,7.2,5.8,12.6,20.5,2017,0
"382","Atlanta Hawks",103.2,38.1,84.4,45.1,8.9,26.1,34.1,18.1,24.9,72.8,10.3,34.1,44.3,23.6,8.2,4.8,15.2,18.2,2017,1
"383","Chicago Bulls",102.9,38.6,87.1,44.4,7.6,22.3,34,18,22.5,79.8,12.2,34.1,46.3,22.6,7.8,4.8,13,17.7,2017,1
"384","Sacramento Kings",102.8,37.9,82.1,46.1,9,23.9,37.6,18.1,23.3,77.5,8.7,32.3,41.1,22.5,7.6,4,14.1,20.3,2017,0
"385","Philadelphia 76ers",102.4,37.7,85.2,44.2,10.1,29.8,34,17,22,77.1,9.8,33,42.8,23.8,8.4,5.1,16,21.9,2017,0
"386","Detroit Pistons",101.3,39.9,88.8,44.9,7.7,23.3,33,13.9,19.3,71.9,11.1,34.6,45.7,21.1,7,3.8,11.4,17.9,2017,0
"387","Orlando Magic",101.1,38.3,87,44,8.5,26.1,32.8,16,21.4,74.7,9.8,33.3,43.2,22.2,7.1,4.8,12.8,19.3,2017,0
"388","Utah Jazz",100.7,37,79.5,46.6,9.6,26,37.2,17.1,22.9,74.7,9.4,33.8,43.2,20.1,6.7,5,12.9,18.8,2017,1
"389","Memphis Grizzlies",100.5,36.4,83.6,43.5,9.4,26.5,35.4,18.3,23.4,78.4,10.8,32,42.8,21.3,8,4.2,12.4,22.4,2017,1
"390","Dallas Mavericks",97.9,36.2,82.3,44,10.7,30.2,35.5,14.8,18.5,80.1,7.9,30.7,38.6,20.8,7.5,3.7,11.2,19.1,2017,0
"391","Golden State Warriors",113.5,42.8,85.1,50.3,11.3,28.9,39.1,16.6,20.3,81.5,8.4,35.1,43.5,29.3,8,7.5,15,19.6,2018,1
"392","Houston Rockets",112.4,38.7,84.2,46,15.3,42.3,36.2,19.6,25.1,78.1,9,34.5,43.5,21.5,8.5,4.8,13.2,19.5,2018,1
"393","New Orleans Pelicans",111.7,42.7,88.3,48.3,10.2,28.2,36.2,16.1,20.9,77.2,8.7,35.7,44.3,26.8,8,5.9,14.4,19.1,2018,1
"394","Toronto Raptors",111.7,41.3,87.4,47.2,11.8,33,35.8,17.3,21.8,79.4,9.8,34.2,44,24.3,7.6,6.1,12.7,21.7,2018,1
"395","Cleveland Cavaliers",110.9,40.4,84.8,47.6,12,32.1,37.2,18.1,23.3,77.9,8.5,33.7,42.1,23.4,7.1,3.8,13.3,18.6,2018,1
"396","Denver Nuggets",110,40.7,86.6,47,11.5,30.9,37.1,17.1,22.3,76.7,11,33.5,44.5,25.1,7.6,4.9,14.3,18.7,2018,0
"397","Philadelphia 76ers",109.8,40.8,86.6,47.2,11,29.8,36.9,17.1,22.8,75.2,10.9,36.5,47.4,27.1,8.3,5.1,15.9,22.1,2018,1
"398","Minnesota Timberwolves",109.5,41,86.1,47.6,8,22.5,35.7,19.4,24.1,80.4,10.3,31.6,42,22.7,8.4,4.2,11.7,18.2,2018,1
"399","LA Clippers",109,40.3,85.4,47.1,9.5,26.8,35.4,19,25.5,74.3,10.1,33.7,43.9,22.3,7.7,4.5,14.1,20,2018,0
"400","Charlotte Hornets",108.2,39,86.7,45,10,27.2,36.9,20.2,27,74.7,10.1,35.4,45.5,21.6,6.8,4.5,12.3,17.2,2018,0
"401","Los Angeles Lakers",108.1,40.7,88.4,46.1,10,29.1,34.5,16.6,23.3,71.4,10.7,35.7,46.4,23.8,7.7,4.7,15.3,21.2,2018,0
"402","Oklahoma City Thunder",107.9,39.9,88,45.3,10.7,30.4,35.4,17.3,24.2,71.6,12.5,32.6,45.1,21.3,9.1,5,13.4,20.2,2018,1
"403","Washington Wizards",106.6,39.9,85.6,46.7,9.9,26.5,37.5,16.8,21.8,77.2,10,33.1,43.1,25.2,7.9,4.3,14,21.3,2018,1
"404","Brooklyn Nets",106.6,38.2,86.8,44.1,12.7,35.7,35.6,17.4,22.6,77.2,9.7,34.8,44.4,23.7,6.2,4.8,14.2,20.6,2018,0
"405","Milwaukee Bucks",106.5,39.7,83,47.8,8.8,24.7,35.5,18.3,23.4,78.3,8.4,31.5,39.8,23.2,8.8,5.4,13.1,21.4,2018,1
"406","Portland Trail Blazers",105.6,39.3,87,45.2,10.3,28.1,36.6,16.7,20.9,80,10.2,35.3,45.5,19.5,7,5.2,13,19.5,2018,1
"407","Indiana Pacers",105.6,40.8,86.4,47.2,9,24.5,36.9,14.9,19.2,77.9,9.6,32.7,42.3,22.2,8.8,4.1,12.8,18.8,2018,1
"408","New York Knicks",104.5,40.7,87.7,46.4,8.2,23.3,35.2,14.9,19,78.7,10.5,33.6,44,23.3,6.7,5.1,14.2,20.5,2018,0
"409","Utah Jazz",104.1,38.3,82.9,46.2,10.8,29.6,36.6,16.8,21.5,77.9,9,34.2,43.3,22.4,8.6,5.1,14.1,19.6,2018,1
"410","Boston Celtics",104,38.3,85.1,45,11.5,30.4,37.7,16,20.7,77.1,9.4,35.1,44.5,22.5,7.4,4.5,13.3,19.7,2018,1
"411","Phoenix Suns",103.9,38.5,87.1,44.2,9.3,27.9,33.4,17.7,23.9,74.1,10.3,33.9,44.1,21.3,6.9,4.5,15,22,2018,0
"412","Detroit Pistons",103.8,39.1,86.9,45,10.8,28.9,37.3,14.7,19.8,74.5,10.1,33.6,43.7,22.8,7.7,3.9,12.7,18.4,2018,0
"413","Miami Heat",103.4,38.8,85.3,45.5,11,30.6,36,14.7,19.5,75.5,9.3,34.2,43.5,22.7,7.6,5.3,13.6,20.1,2018,1
"414","Orlando Magic",103.4,38.8,85.9,45.2,10.3,29.3,35.1,15.5,20.5,75.7,8.8,32.8,41.6,23.4,7.6,4.9,13.9,19.3,2018,0
"415","Atlanta Hawks",103.4,38.2,85.5,44.6,11.2,31,36,15.8,20.2,78.5,9.1,32.8,41.9,23.7,7.8,4.2,15,19.6,2018,0
"416","Chicago Bulls",102.9,38.7,88.8,43.5,11,31.1,35.5,14.6,19.2,75.9,9.6,35,44.7,23.5,7.6,3.5,13.3,19.2,2018,0
"417","San Antonio Spurs",102.7,39,85.4,45.7,8.5,24.1,35.2,16.1,20.9,77.2,10.4,33.9,44.2,22.8,7.7,5.6,12.7,17.2,2018,1
"418","Dallas Mavericks",102.3,38.1,85.9,44.4,11.8,32.8,36,14.2,18.7,76.3,8.1,33.1,41.3,22.7,7,3.8,11.8,19.2,2018,0
"419","Memphis Grizzlies",99.3,36.7,82.8,44.4,9.2,26.2,35.2,16.6,21.1,78.6,9.5,31,40.5,21.5,7.5,4.8,14.4,23.2,2018,0
"420","Sacramento Kings",98.8,38.8,86.1,45,9,24,37.5,12.3,16.7,73.5,9.5,31.4,40.9,21.6,7.8,4.1,13.2,20,2018,0
"421","Milwaukee Bucks",118.1,43.4,91.1,47.6,13.5,38.2,35.3,17.9,23.2,77.3,9.3,40.4,49.7,26,7.5,5.9,13.3,19.6,2019,1
"422","Golden State Warriors",117.7,44,89.8,49.1,13.3,34.4,38.5,16.3,20.4,80.1,9.7,36.5,46.2,29.4,7.6,6.4,13.8,21.4,2019,1
"423","New Orleans Pelicans",115.4,43.7,92.2,47.3,10.3,29.9,34.4,17.8,23.4,76.1,11.1,36.2,47.3,27,7.4,5.4,14.5,21.1,2019,0
"424","Philadelphia 76ers",115.2,41.5,88.2,47.1,10.8,30.2,35.9,21.2,27.5,77.1,10.9,36.9,47.8,26.9,7.4,5.3,14.5,21.3,2019,1
"425","LA Clippers",115.1,41.3,87.5,47.1,10,25.8,38.8,22.6,28.5,79.2,9.7,35.8,45.5,24,6.8,4.7,13.8,23.3,2019,1
"426","Portland Trail Blazers",114.7,42.3,90.6,46.7,11,30.7,35.9,19,23.3,81.4,11.8,36.2,48,23,6.7,5,13.3,20.4,2019,1
"427","Oklahoma City Thunder",114.5,42.6,94,45.4,11.4,32.6,34.8,17.8,25,71.3,12.6,35.5,48.1,23.4,9.3,5.2,13.6,22.4,2019,1
"428","Toronto Raptors",114.4,42.2,89.1,47.4,12.4,33.8,36.6,17.7,22,80.4,9.6,35.6,45.2,25.4,8.3,5.3,13.3,21,2019,1
"429","Sacramento Kings",114.2,43.2,93.1,46.4,11.3,29.9,37.8,16.5,22.7,72.6,11,34.4,45.4,25.4,8.3,4.4,12.9,21.4,2019,0
"430","Washington Wizards",114,42.1,90.1,46.8,11.3,33.3,34.1,18.4,23.9,76.8,9.7,32.7,42.4,26.3,8.3,4.6,13.7,20.7,2019,0
"431","Houston Rockets",113.9,39.2,87.4,44.9,16.1,45.4,35.6,19.3,24.4,79.1,10.2,31.9,42.1,21.2,8.5,4.9,12.7,22,2019,1
"432","Atlanta Hawks",113.3,41.4,91.8,45.1,13,37,35.2,17.6,23.4,75.2,11.6,34.5,46.1,25.8,8.2,5.1,16.6,23.6,2019,0
"433","Minnesota Timberwolves",112.5,41.6,91.3,45.6,10.1,28.7,35.1,19.1,24.3,78.7,11.3,33.5,44.8,24.6,8.3,5,12.6,20.3,2019,0
"434","Boston Celtics",112.4,42.1,90.5,46.5,12.6,34.5,36.5,15.6,19.5,80.2,9.8,34.7,44.5,26.3,8.6,5.3,12.4,20.4,2019,1
"435","Brooklyn Nets",112.2,40.3,89.7,44.9,12.8,36.2,35.3,19,25.5,74.5,11,35.6,46.6,23.8,6.6,4.1,14.4,21.5,2019,1
"436","Los Angeles Lakers",111.8,42.6,90.5,47,10.3,31,33.3,16.3,23.3,69.9,10.2,36.4,46.6,25.6,7.5,5.4,15.2,20.7,2019,0
"437","Utah Jazz",111.7,40.4,86.4,46.8,12.1,34,35.6,18.8,25.5,73.6,10,36.4,46.4,26,8.1,5.9,14.8,21.1,2019,1
"438","San Antonio Spurs",111.7,42.3,88.4,47.8,9.9,25.3,39.2,17.2,21,81.9,9.2,35.5,44.7,24.5,6.1,4.7,11.8,18.1,2019,1
"439","Charlotte Hornets",110.7,40.2,89.8,44.8,11.9,33.9,35.1,18.4,23.1,79.7,9.9,33.9,43.8,23.2,7.2,4.9,11.7,18.9,2019,0
"440","Denver Nuggets",110.7,41.9,90,46.6,11,31.4,35.1,15.8,20.9,75.5,11.9,34.5,46.4,27.4,7.7,4.4,12.9,20,2019,1
"441","Dallas Mavericks",108.9,38.8,86.9,44.7,12.5,36.6,34,18.8,25.3,74.2,10.1,35.2,45.3,23.4,6.5,4.3,13.6,20.1,2019,0
"442","Indiana Pacers",108,41.3,87,47.5,9.5,25.4,37.4,15.8,21.1,75.2,9.3,33.7,43,26,8.7,4.9,13.3,19.4,2019,1
"443","Phoenix Suns",107.5,40.1,87.4,45.9,9.6,29.3,32.9,17.6,22.7,77.9,9.1,31.3,40.4,23.9,9,5.1,15.2,23.6,2019,0
"444","Orlando Magic",107.3,40.4,89.1,45.4,11.4,32.1,35.6,15,19.2,78.2,10,35.4,45.4,25.5,6.6,5.4,12.6,18.6,2019,1
"445","Detroit Pistons",107,38.8,88.3,44,12.1,34.8,34.8,17.3,23.1,74.7,11.4,33.6,45,22.5,6.9,4,13,22.1,2019,1
"446","Miami Heat",105.7,39.6,88,45,11.3,32.4,34.9,15.1,21.7,69.5,11.2,35.1,46.3,24.3,7.6,5.5,14.1,20.9,2019,0
"447","Chicago Bulls",104.9,39.8,87.9,45.3,9.1,25.9,35.1,16.2,20.7,78.3,8.8,34.1,42.9,21.9,7.4,4.3,13.5,20.3,2019,0
"448","New York Knicks",104.6,38.2,88.3,43.3,10,29.5,34,18.1,23.9,75.9,10.5,34.3,44.7,20.1,6.8,5.1,13.4,20.9,2019,0
"449","Cleveland Cavaliers",104.5,38.9,87.6,44.4,10.3,29.1,35.5,16.4,20.7,79.2,10.7,31.9,42.7,20.7,6.5,2.4,12.6,20,2019,0
"450","Memphis Grizzlies",103.5,38,84.4,45,9.9,28.9,34.2,17.7,23,77.2,8.8,33,41.8,23.9,8.3,5.5,13.2,22,2019,0
